region,fishery.id,fishery,length,freq
1,20,PL.JP.1,10,0
1,20,PL.JP.1,12,0
1,20,PL.JP.1,14,0
1,20,PL.JP.1,16,0
1,20,PL.JP.1,18,0
1,20,PL.JP.1,20,0
1,20,PL.JP.1,22,0
1,20,PL.JP.1,24,0
1,20,PL.JP.1,26,8
1,20,PL.JP.1,28,29
1,20,PL.JP.1,30,110
1,20,PL.JP.1,32,208
1,20,PL.JP.1,34,216
1,20,PL.JP.1,36,417
1,20,PL.JP.1,38,646
1,20,PL.JP.1,40,1369
1,20,PL.JP.1,42,2048
1,20,PL.JP.1,44,2197
1,20,PL.JP.1,46,3750
1,20,PL.JP.1,48,4517
1,20,PL.JP.1,50,3673
1,20,PL.JP.1,52,2155
1,20,PL.JP.1,54,1221
1,20,PL.JP.1,56,685
1,20,PL.JP.1,58,576
1,20,PL.JP.1,60,511
1,20,PL.JP.1,62,440
1,20,PL.JP.1,64,370
1,20,PL.JP.1,66,409
1,20,PL.JP.1,68,396
1,20,PL.JP.1,70,476
1,20,PL.JP.1,72,470
1,20,PL.JP.1,74,426
1,20,PL.JP.1,76,400
1,20,PL.JP.1,78,367
1,20,PL.JP.1,80,372
1,20,PL.JP.1,82,384
1,20,PL.JP.1,84,370
1,20,PL.JP.1,86,383
1,20,PL.JP.1,88,288
1,20,PL.JP.1,90,337
1,20,PL.JP.1,92,351
1,20,PL.JP.1,94,306
1,20,PL.JP.1,96,267
1,20,PL.JP.1,98,239
1,20,PL.JP.1,100,256
1,20,PL.JP.1,102,193
1,20,PL.JP.1,104,168
1,20,PL.JP.1,106,121
1,20,PL.JP.1,108,121
1,20,PL.JP.1,110,107
1,20,PL.JP.1,112,110
1,20,PL.JP.1,114,95
1,20,PL.JP.1,116,80
1,20,PL.JP.1,118,59
1,20,PL.JP.1,120,54
1,20,PL.JP.1,122,45
1,20,PL.JP.1,124,41
1,20,PL.JP.1,126,34
1,20,PL.JP.1,128,58
1,20,PL.JP.1,130,56
1,20,PL.JP.1,132,62
1,20,PL.JP.1,134,62
1,20,PL.JP.1,136,33
1,20,PL.JP.1,138,25
1,20,PL.JP.1,140,36
1,20,PL.JP.1,142,19
1,20,PL.JP.1,144,12
1,20,PL.JP.1,146,7
1,20,PL.JP.1,148,6
1,20,PL.JP.1,150,4
1,20,PL.JP.1,152,3
1,20,PL.JP.1,154,2
1,20,PL.JP.1,156,2
1,20,PL.JP.1,158,0
1,20,PL.JP.1,160,2
1,20,PL.JP.1,162,0
1,20,PL.JP.1,164,0
1,20,PL.JP.1,166,0
1,20,PL.JP.1,168,0
1,20,PL.JP.1,170,0
1,20,PL.JP.1,172,0
1,20,PL.JP.1,174,0
1,20,PL.JP.1,176,0
1,20,PL.JP.1,178,0
1,20,PL.JP.1,180,0
1,20,PL.JP.1,182,0
1,20,PL.JP.1,184,0
1,20,PL.JP.1,186,0
1,20,PL.JP.1,188,0
1,20,PL.JP.1,190,0
1,20,PL.JP.1,192,0
1,20,PL.JP.1,194,0
1,20,PL.JP.1,196,0
1,20,PL.JP.1,198,0
1,19,PS.JP.1,10,0
1,19,PS.JP.1,12,0
1,19,PS.JP.1,14,0
1,19,PS.JP.1,16,0
1,19,PS.JP.1,18,1
1,19,PS.JP.1,20,1
1,19,PS.JP.1,22,3
1,19,PS.JP.1,24,7
1,19,PS.JP.1,26,7
1,19,PS.JP.1,28,12
1,19,PS.JP.1,30,9
1,19,PS.JP.1,32,28
1,19,PS.JP.1,34,49
1,19,PS.JP.1,36,87
1,19,PS.JP.1,38,130
1,19,PS.JP.1,40,194
1,19,PS.JP.1,42,492
1,19,PS.JP.1,44,1293
1,19,PS.JP.1,46,2229
1,19,PS.JP.1,48,3022
1,19,PS.JP.1,50,2609
1,19,PS.JP.1,52,1507
1,19,PS.JP.1,54,1130
1,19,PS.JP.1,56,683
1,19,PS.JP.1,58,465
1,19,PS.JP.1,60,270
1,19,PS.JP.1,62,190
1,19,PS.JP.1,64,108
1,19,PS.JP.1,66,97
1,19,PS.JP.1,68,72
1,19,PS.JP.1,70,82
1,19,PS.JP.1,72,76
1,19,PS.JP.1,74,83
1,19,PS.JP.1,76,97
1,19,PS.JP.1,78,116
1,19,PS.JP.1,80,139
1,19,PS.JP.1,82,219
1,19,PS.JP.1,84,235
1,19,PS.JP.1,86,356
1,19,PS.JP.1,88,500
1,19,PS.JP.1,90,665
1,19,PS.JP.1,92,696
1,19,PS.JP.1,94,807
1,19,PS.JP.1,96,979
1,19,PS.JP.1,98,1265
1,19,PS.JP.1,100,1337
1,19,PS.JP.1,102,1290
1,19,PS.JP.1,104,1195
1,19,PS.JP.1,106,1152
1,19,PS.JP.1,108,1132
1,19,PS.JP.1,110,1146
1,19,PS.JP.1,112,1072
1,19,PS.JP.1,114,983
1,19,PS.JP.1,116,881
1,19,PS.JP.1,118,874
1,19,PS.JP.1,120,951
1,19,PS.JP.1,122,1015
1,19,PS.JP.1,124,1073
1,19,PS.JP.1,126,1243
1,19,PS.JP.1,128,1514
1,19,PS.JP.1,130,1728
1,19,PS.JP.1,132,1858
1,19,PS.JP.1,134,1889
1,19,PS.JP.1,136,1799
1,19,PS.JP.1,138,1486
1,19,PS.JP.1,140,1198
1,19,PS.JP.1,142,988
1,19,PS.JP.1,144,716
1,19,PS.JP.1,146,649
1,19,PS.JP.1,148,519
1,19,PS.JP.1,150,422
1,19,PS.JP.1,152,294
1,19,PS.JP.1,154,195
1,19,PS.JP.1,156,156
1,19,PS.JP.1,158,107
1,19,PS.JP.1,160,81
1,19,PS.JP.1,162,59
1,19,PS.JP.1,164,28
1,19,PS.JP.1,166,14
1,19,PS.JP.1,168,8
1,19,PS.JP.1,170,6
1,19,PS.JP.1,172,3
1,19,PS.JP.1,174,2
1,19,PS.JP.1,176,0
1,19,PS.JP.1,178,1
1,19,PS.JP.1,180,0
1,19,PS.JP.1,182,0
1,19,PS.JP.1,184,0
1,19,PS.JP.1,186,0
1,19,PS.JP.1,188,1
1,19,PS.JP.1,190,0
1,19,PS.JP.1,192,0
1,19,PS.JP.1,194,0
1,19,PS.JP.1,196,0
1,19,PS.JP.1,198,0
3,21,PL.ALL.3,10,0
3,21,PL.ALL.3,12,0
3,21,PL.ALL.3,14,0
3,21,PL.ALL.3,16,0
3,21,PL.ALL.3,18,1
3,21,PL.ALL.3,20,0
3,21,PL.ALL.3,22,0
3,21,PL.ALL.3,24,16
3,21,PL.ALL.3,26,95
3,21,PL.ALL.3,28,369
3,21,PL.ALL.3,30,755
3,21,PL.ALL.3,32,753
3,21,PL.ALL.3,34,785
3,21,PL.ALL.3,36,864
3,21,PL.ALL.3,38,1059
3,21,PL.ALL.3,40,1110
3,21,PL.ALL.3,42,1027
3,21,PL.ALL.3,44,925
3,21,PL.ALL.3,46,620
3,21,PL.ALL.3,48,656
3,21,PL.ALL.3,50,581
3,21,PL.ALL.3,52,607
3,21,PL.ALL.3,54,572
3,21,PL.ALL.3,56,528
3,21,PL.ALL.3,58,485
3,21,PL.ALL.3,60,427
3,21,PL.ALL.3,62,418
3,21,PL.ALL.3,64,402
3,21,PL.ALL.3,66,365
3,21,PL.ALL.3,68,344
3,21,PL.ALL.3,70,258
3,21,PL.ALL.3,72,238
3,21,PL.ALL.3,74,157
3,21,PL.ALL.3,76,120
3,21,PL.ALL.3,78,85
3,21,PL.ALL.3,80,102
3,21,PL.ALL.3,82,74
3,21,PL.ALL.3,84,71
3,21,PL.ALL.3,86,60
3,21,PL.ALL.3,88,78
3,21,PL.ALL.3,90,87
3,21,PL.ALL.3,92,52
3,21,PL.ALL.3,94,63
3,21,PL.ALL.3,96,89
3,21,PL.ALL.3,98,96
3,21,PL.ALL.3,100,153
3,21,PL.ALL.3,102,88
3,21,PL.ALL.3,104,90
3,21,PL.ALL.3,106,72
3,21,PL.ALL.3,108,30
3,21,PL.ALL.3,110,51
3,21,PL.ALL.3,112,50
3,21,PL.ALL.3,114,42
3,21,PL.ALL.3,116,27
3,21,PL.ALL.3,118,22
3,21,PL.ALL.3,120,23
3,21,PL.ALL.3,122,1
3,21,PL.ALL.3,124,1
3,21,PL.ALL.3,126,4
3,21,PL.ALL.3,128,1
3,21,PL.ALL.3,130,2
3,21,PL.ALL.3,132,1
3,21,PL.ALL.3,134,3
3,21,PL.ALL.3,136,2
3,21,PL.ALL.3,138,1
3,21,PL.ALL.3,140,0
3,21,PL.ALL.3,142,1
3,21,PL.ALL.3,144,0
3,21,PL.ALL.3,146,1
3,21,PL.ALL.3,148,0
3,21,PL.ALL.3,150,0
3,21,PL.ALL.3,152,0
3,21,PL.ALL.3,154,0
3,21,PL.ALL.3,156,0
3,21,PL.ALL.3,158,0
3,21,PL.ALL.3,160,0
3,21,PL.ALL.3,162,0
3,21,PL.ALL.3,164,0
3,21,PL.ALL.3,166,0
3,21,PL.ALL.3,168,0
3,21,PL.ALL.3,170,0
3,21,PL.ALL.3,172,0
3,21,PL.ALL.3,174,0
3,21,PL.ALL.3,176,0
3,21,PL.ALL.3,178,0
3,21,PL.ALL.3,180,0
3,21,PL.ALL.3,182,0
3,21,PL.ALL.3,184,0
3,21,PL.ALL.3,186,0
3,21,PL.ALL.3,188,0
3,21,PL.ALL.3,190,0
3,21,PL.ALL.3,192,0
3,21,PL.ALL.3,194,0
3,21,PL.ALL.3,196,0
3,21,PL.ALL.3,198,0
3,13,PS.ASSOC.3,10,0
3,13,PS.ASSOC.3,12,0
3,13,PS.ASSOC.3,14,5.16569240851225
3,13,PS.ASSOC.3,16,26.2666029921712
3,13,PS.ASSOC.3,18,188.345558698046
3,13,PS.ASSOC.3,20,148.16145711029
3,13,PS.ASSOC.3,22,214.673317678051
3,13,PS.ASSOC.3,24,270.578740589614
3,13,PS.ASSOC.3,26,540.48346755856
3,13,PS.ASSOC.3,28,1131.66621169687
3,13,PS.ASSOC.3,30,2225.30498207521
3,13,PS.ASSOC.3,32,3712.57051062724
3,13,PS.ASSOC.3,34,5232.99329611678
3,13,PS.ASSOC.3,36,6862.16562270801
3,13,PS.ASSOC.3,38,9962.1315046644
3,13,PS.ASSOC.3,40,9749.06692482887
3,13,PS.ASSOC.3,42,14011.6979331336
3,13,PS.ASSOC.3,44,18102.4467622991
3,13,PS.ASSOC.3,46,21162.6464273871
3,13,PS.ASSOC.3,48,24436.7009834563
3,13,PS.ASSOC.3,50,19647.147562895
3,13,PS.ASSOC.3,52,17660.6340035204
3,13,PS.ASSOC.3,54,16139.5553609052
3,13,PS.ASSOC.3,56,15745.3207868399
3,13,PS.ASSOC.3,58,14793.1927627908
3,13,PS.ASSOC.3,60,11002.2843776206
3,13,PS.ASSOC.3,62,9649.42026404555
3,13,PS.ASSOC.3,64,8260.43900702159
3,13,PS.ASSOC.3,66,6482.85761327551
3,13,PS.ASSOC.3,68,7004.86525744225
3,13,PS.ASSOC.3,70,5081.80333562206
3,13,PS.ASSOC.3,72,4682.55256696562
3,13,PS.ASSOC.3,74,4156.36385620483
3,13,PS.ASSOC.3,76,3599.00220996101
3,13,PS.ASSOC.3,78,3840.26151203674
3,13,PS.ASSOC.3,80,3645.69572051386
3,13,PS.ASSOC.3,82,3252.61185898415
3,13,PS.ASSOC.3,84,3051.93129847789
3,13,PS.ASSOC.3,86,2927.97639319212
3,13,PS.ASSOC.3,88,2678.01003250029
3,13,PS.ASSOC.3,90,2642.27222774705
3,13,PS.ASSOC.3,92,2750.34387712795
3,13,PS.ASSOC.3,94,2563.3182737675
3,13,PS.ASSOC.3,96,2868.75560469695
3,13,PS.ASSOC.3,98,2668.97930366177
3,13,PS.ASSOC.3,100,2523.35553669965
3,13,PS.ASSOC.3,102,2247.21373826719
3,13,PS.ASSOC.3,104,1767.12879972703
3,13,PS.ASSOC.3,106,1646.80928316701
3,13,PS.ASSOC.3,108,1538.61926149872
3,13,PS.ASSOC.3,110,1366.38629304933
3,13,PS.ASSOC.3,112,1250.13751899431
3,13,PS.ASSOC.3,114,964.897337086771
3,13,PS.ASSOC.3,116,803.593733724907
3,13,PS.ASSOC.3,118,785.467782346568
3,13,PS.ASSOC.3,120,731.918394802916
3,13,PS.ASSOC.3,122,386.584744076307
3,13,PS.ASSOC.3,124,513.342209074094
3,13,PS.ASSOC.3,126,305.282854115377
3,13,PS.ASSOC.3,128,421.173656200877
3,13,PS.ASSOC.3,130,260.416178280649
3,13,PS.ASSOC.3,132,157.00221483887
3,13,PS.ASSOC.3,134,87.380916997448
3,13,PS.ASSOC.3,136,122.341514641361
3,13,PS.ASSOC.3,138,68.4397024940907
3,13,PS.ASSOC.3,140,32.9511631148461
3,13,PS.ASSOC.3,142,30.6470535668396
3,13,PS.ASSOC.3,144,14.277864054271
3,13,PS.ASSOC.3,146,11.2723688423231
3,13,PS.ASSOC.3,148,7.19216029563766
3,13,PS.ASSOC.3,150,9.80845316293365
3,13,PS.ASSOC.3,152,2.24778932943339
3,13,PS.ASSOC.3,154,2.65322220170371
3,13,PS.ASSOC.3,156,0.361661754172116
3,13,PS.ASSOC.3,158,3.37276512468406
3,13,PS.ASSOC.3,160,3.94585540803768
3,13,PS.ASSOC.3,162,1.07346844930291
3,13,PS.ASSOC.3,164,0.417791017517354
3,13,PS.ASSOC.3,166,1.36767294229736
3,13,PS.ASSOC.3,168,0
3,13,PS.ASSOC.3,170,2.74290569199509
3,13,PS.ASSOC.3,172,0
3,13,PS.ASSOC.3,174,0
3,13,PS.ASSOC.3,176,0
3,13,PS.ASSOC.3,178,0
3,13,PS.ASSOC.3,180,0
3,13,PS.ASSOC.3,182,0.0134337798137639
3,13,PS.ASSOC.3,184,0
3,13,PS.ASSOC.3,186,0
3,13,PS.ASSOC.3,188,0
3,13,PS.ASSOC.3,190,0.231084643786177
3,13,PS.ASSOC.3,192,0
3,13,PS.ASSOC.3,194,0
3,13,PS.ASSOC.3,196,0
3,13,PS.ASSOC.3,198,0
3,14,PS.UNASSOC.3,10,0
3,14,PS.UNASSOC.3,12,0
3,14,PS.UNASSOC.3,14,6.27559355912681
3,14,PS.UNASSOC.3,16,7.44416866372309
3,14,PS.UNASSOC.3,18,8.42450866731305
3,14,PS.UNASSOC.3,20,17.9196309703909
3,14,PS.UNASSOC.3,22,13.7622674714736
3,14,PS.UNASSOC.3,24,8.41822529361838
3,14,PS.UNASSOC.3,26,23.7172200903085
3,14,PS.UNASSOC.3,28,63.8721085459754
3,14,PS.UNASSOC.3,30,179.550987018419
3,14,PS.UNASSOC.3,32,262.041856369835
3,14,PS.UNASSOC.3,34,274.318937052718
3,14,PS.UNASSOC.3,36,469.386335573254
3,14,PS.UNASSOC.3,38,852.58416970876
3,14,PS.UNASSOC.3,40,1022.10641594418
3,14,PS.UNASSOC.3,42,1691.49211138836
3,14,PS.UNASSOC.3,44,2314.94881296952
3,14,PS.UNASSOC.3,46,2901.98246299413
3,14,PS.UNASSOC.3,48,4643.54548622134
3,14,PS.UNASSOC.3,50,3896.77637138773
3,14,PS.UNASSOC.3,52,3865.48174955623
3,14,PS.UNASSOC.3,54,4531.80717671147
3,14,PS.UNASSOC.3,56,5206.26144092989
3,14,PS.UNASSOC.3,58,6167.96043924951
3,14,PS.UNASSOC.3,60,5518.06246253887
3,14,PS.UNASSOC.3,62,5528.36618508051
3,14,PS.UNASSOC.3,64,5975.20550381594
3,14,PS.UNASSOC.3,66,4851.9307530443
3,14,PS.UNASSOC.3,68,6222.40937671209
3,14,PS.UNASSOC.3,70,4923.34510728696
3,14,PS.UNASSOC.3,72,4458.37575704873
3,14,PS.UNASSOC.3,74,4194.94603916929
3,14,PS.UNASSOC.3,76,3617.77546759778
3,14,PS.UNASSOC.3,78,4475.05194553626
3,14,PS.UNASSOC.3,80,3788.64577619891
3,14,PS.UNASSOC.3,82,3227.5918377588
3,14,PS.UNASSOC.3,84,3355.6762614241
3,14,PS.UNASSOC.3,86,3070.30932411068
3,14,PS.UNASSOC.3,88,2955.43986868599
3,14,PS.UNASSOC.3,90,3011.2392961666
3,14,PS.UNASSOC.3,92,2901.31870231332
3,14,PS.UNASSOC.3,94,2835.91083366391
3,14,PS.UNASSOC.3,96,2985.43780170469
3,14,PS.UNASSOC.3,98,3129.14391266196
3,14,PS.UNASSOC.3,100,3299.96732200705
3,14,PS.UNASSOC.3,102,3231.92710126757
3,14,PS.UNASSOC.3,104,3257.78843097776
3,14,PS.UNASSOC.3,106,3155.10936293174
3,14,PS.UNASSOC.3,108,3284.99621200076
3,14,PS.UNASSOC.3,110,3319.97087465408
3,14,PS.UNASSOC.3,112,3237.82018446805
3,14,PS.UNASSOC.3,114,2833.90710641761
3,14,PS.UNASSOC.3,116,2599.72977823588
3,14,PS.UNASSOC.3,118,2599.70913744031
3,14,PS.UNASSOC.3,120,2954.66055728328
3,14,PS.UNASSOC.3,122,1797.89922379672
3,14,PS.UNASSOC.3,124,1893.83077907079
3,14,PS.UNASSOC.3,126,1605.34768658387
3,14,PS.UNASSOC.3,128,1304.52959881638
3,14,PS.UNASSOC.3,130,1239.01869124872
3,14,PS.UNASSOC.3,132,808.0803520278
3,14,PS.UNASSOC.3,134,634.379431202531
3,14,PS.UNASSOC.3,136,457.179395304614
3,14,PS.UNASSOC.3,138,314.895119168432
3,14,PS.UNASSOC.3,140,304.356141567371
3,14,PS.UNASSOC.3,142,157.334704282021
3,14,PS.UNASSOC.3,144,113.636123366898
3,14,PS.UNASSOC.3,146,80.4007488667045
3,14,PS.UNASSOC.3,148,59.763192951314
3,14,PS.UNASSOC.3,150,50.8194520033525
3,14,PS.UNASSOC.3,152,13.4691305424724
3,14,PS.UNASSOC.3,154,14.8734187509296
3,14,PS.UNASSOC.3,156,6.46039939837195
3,14,PS.UNASSOC.3,158,7.47600951074161
3,14,PS.UNASSOC.3,160,7.02195210360243
3,14,PS.UNASSOC.3,162,1.29704102404208
3,14,PS.UNASSOC.3,164,3.06006038200962
3,14,PS.UNASSOC.3,166,0.910057662995649
3,14,PS.UNASSOC.3,168,1.6003811798812
3,14,PS.UNASSOC.3,170,1.04975422632756
3,14,PS.UNASSOC.3,172,1.76986205706343
3,14,PS.UNASSOC.3,174,1.58327980010662
3,14,PS.UNASSOC.3,176,0.714133042441799
3,14,PS.UNASSOC.3,178,0.462820420825814
3,14,PS.UNASSOC.3,180,0.541073506424741
3,14,PS.UNASSOC.3,182,0.0505327798537346
3,14,PS.UNASSOC.3,184,0.048788279016611
3,14,PS.UNASSOC.3,186,0.229044213518888
3,14,PS.UNASSOC.3,188,0.219681470170558
3,14,PS.UNASSOC.3,190,0.0252663899268673
3,14,PS.UNASSOC.3,192,0
3,14,PS.UNASSOC.3,194,0
3,14,PS.UNASSOC.3,196,0.10099753977291
3,14,PS.UNASSOC.3,198,0.459307448866708
4,15,PS.ASSOC.4,10,0
4,15,PS.ASSOC.4,12,0
4,15,PS.ASSOC.4,14,2.22291304490097
4,15,PS.ASSOC.4,16,6.69185755021874
4,15,PS.ASSOC.4,18,36.5830363633843
4,15,PS.ASSOC.4,20,27.7312163202854
4,15,PS.ASSOC.4,22,99.4047320713391
4,15,PS.ASSOC.4,24,141.737105652881
4,15,PS.ASSOC.4,26,296.140839814864
4,15,PS.ASSOC.4,28,632.23718471486
4,15,PS.ASSOC.4,30,1202.9941053794
4,15,PS.ASSOC.4,32,1987.32787921769
4,15,PS.ASSOC.4,34,3087.2336357617
4,15,PS.ASSOC.4,36,4682.57138867995
4,15,PS.ASSOC.4,38,7518.91879188211
4,15,PS.ASSOC.4,40,9525.08788886632
4,15,PS.ASSOC.4,42,14427.3521262634
4,15,PS.ASSOC.4,44,20057.9245751783
4,15,PS.ASSOC.4,46,26435.9738776212
4,15,PS.ASSOC.4,48,31667.1394438951
4,15,PS.ASSOC.4,50,25951.2794325024
4,15,PS.ASSOC.4,52,21817.0716791138
4,15,PS.ASSOC.4,54,18043.8645614744
4,15,PS.ASSOC.4,56,17070.1220951476
4,15,PS.ASSOC.4,58,15024.8046399021
4,15,PS.ASSOC.4,60,12003.8574076795
4,15,PS.ASSOC.4,62,10243.544358131
4,15,PS.ASSOC.4,64,8618.97659685795
4,15,PS.ASSOC.4,66,7963.62628730836
4,15,PS.ASSOC.4,68,8276.39031351179
4,15,PS.ASSOC.4,70,7263.04277062667
4,15,PS.ASSOC.4,72,6680.85361018051
4,15,PS.ASSOC.4,74,5616.16116854046
4,15,PS.ASSOC.4,76,5358.45144642809
4,15,PS.ASSOC.4,78,5759.93942316134
4,15,PS.ASSOC.4,80,5431.87111113219
4,15,PS.ASSOC.4,82,5064.86242130519
4,15,PS.ASSOC.4,84,5452.23344675902
4,15,PS.ASSOC.4,86,5485.00495987414
4,15,PS.ASSOC.4,88,5454.47894458157
4,15,PS.ASSOC.4,90,5319.93244680692
4,15,PS.ASSOC.4,92,5112.92629765559
4,15,PS.ASSOC.4,94,5243.54099074813
4,15,PS.ASSOC.4,96,5162.9914937034
4,15,PS.ASSOC.4,98,5550.26456889103
4,15,PS.ASSOC.4,100,5400.78573840894
4,15,PS.ASSOC.4,102,5407.14232054905
4,15,PS.ASSOC.4,104,4804.69486679451
4,15,PS.ASSOC.4,106,4492.30664704916
4,15,PS.ASSOC.4,108,3839.86615413525
4,15,PS.ASSOC.4,110,3808.04504277119
4,15,PS.ASSOC.4,112,3189.86345818995
4,15,PS.ASSOC.4,114,2587.28019743471
4,15,PS.ASSOC.4,116,2059.01143816716
4,15,PS.ASSOC.4,118,1888.30903201216
4,15,PS.ASSOC.4,120,1850.56187747424
4,15,PS.ASSOC.4,122,1165.28766082679
4,15,PS.ASSOC.4,124,1006.89858087668
4,15,PS.ASSOC.4,126,658.188909796175
4,15,PS.ASSOC.4,128,471.311018065917
4,15,PS.ASSOC.4,130,450.838044408272
4,15,PS.ASSOC.4,132,261.080896447014
4,15,PS.ASSOC.4,134,190.251315332727
4,15,PS.ASSOC.4,136,137.406014258503
4,15,PS.ASSOC.4,138,102.978405774835
4,15,PS.ASSOC.4,140,118.909628157483
4,15,PS.ASSOC.4,142,57.7709309037244
4,15,PS.ASSOC.4,144,35.6237605667651
4,15,PS.ASSOC.4,146,33.8410581368662
4,15,PS.ASSOC.4,148,22.8456539338573
4,15,PS.ASSOC.4,150,9.92619930527091
4,15,PS.ASSOC.4,152,9.86445408712652
4,15,PS.ASSOC.4,154,2.59628879570852
4,15,PS.ASSOC.4,156,6.31955347218906
4,15,PS.ASSOC.4,158,5.36859171942582
4,15,PS.ASSOC.4,160,2.61947074697205
4,15,PS.ASSOC.4,162,2.09098623458725
4,15,PS.ASSOC.4,164,1.71809189121256
4,15,PS.ASSOC.4,166,0.840250974921796
4,15,PS.ASSOC.4,168,1.58395199826238
4,15,PS.ASSOC.4,170,2.31698543418881
4,15,PS.ASSOC.4,172,0.62084649612481
4,15,PS.ASSOC.4,174,0.0397560567780377
4,15,PS.ASSOC.4,176,0.228304410846241
4,15,PS.ASSOC.4,178,0
4,15,PS.ASSOC.4,180,0
4,15,PS.ASSOC.4,182,0.37361954380478
4,15,PS.ASSOC.4,184,0
4,15,PS.ASSOC.4,186,0.255287437296349
4,15,PS.ASSOC.4,188,0
4,15,PS.ASSOC.4,190,0.907120823187441
4,15,PS.ASSOC.4,192,0.216516426160558
4,15,PS.ASSOC.4,194,0
4,15,PS.ASSOC.4,196,0
4,15,PS.ASSOC.4,198,0.283754808107099
4,16,PS.UNASSOC.4,10,0
4,16,PS.UNASSOC.4,12,0
4,16,PS.UNASSOC.4,14,6.90115358083248
4,16,PS.UNASSOC.4,16,4.83842311099471
4,16,PS.UNASSOC.4,18,5.7132161609112
4,16,PS.UNASSOC.4,20,9.82220838910535
4,16,PS.UNASSOC.4,22,13.7883319523077
4,16,PS.UNASSOC.4,24,49.6535145101184
4,16,PS.UNASSOC.4,26,22.9318223126233
4,16,PS.UNASSOC.4,28,25.3107765158698
4,16,PS.UNASSOC.4,30,58.9840181592001
4,16,PS.UNASSOC.4,32,94.7769371878385
4,16,PS.UNASSOC.4,34,133.44410697029
4,16,PS.UNASSOC.4,36,215.823033851758
4,16,PS.UNASSOC.4,38,289.368715401149
4,16,PS.UNASSOC.4,40,453.912049675066
4,16,PS.UNASSOC.4,42,710.166543109225
4,16,PS.UNASSOC.4,44,1099.69166523665
4,16,PS.UNASSOC.4,46,1313.3093297376
4,16,PS.UNASSOC.4,48,1720.01711051674
4,16,PS.UNASSOC.4,50,1693.50686922401
4,16,PS.UNASSOC.4,52,1729.66414442424
4,16,PS.UNASSOC.4,54,1735.87407797842
4,16,PS.UNASSOC.4,56,1862.37613187874
4,16,PS.UNASSOC.4,58,1735.83377649095
4,16,PS.UNASSOC.4,60,2092.88644711689
4,16,PS.UNASSOC.4,62,1806.2885953341
4,16,PS.UNASSOC.4,64,1625.98064583181
4,16,PS.UNASSOC.4,66,1360.27666533937
4,16,PS.UNASSOC.4,68,1538.62369781707
4,16,PS.UNASSOC.4,70,1023.64231918687
4,16,PS.UNASSOC.4,72,1207.59462461015
4,16,PS.UNASSOC.4,74,1110.3988774353
4,16,PS.UNASSOC.4,76,960.898149023663
4,16,PS.UNASSOC.4,78,1131.39470694241
4,16,PS.UNASSOC.4,80,1187.06464015091
4,16,PS.UNASSOC.4,82,1098.33752340726
4,16,PS.UNASSOC.4,84,1295.55516250959
4,16,PS.UNASSOC.4,86,1358.28482427042
4,16,PS.UNASSOC.4,88,1492.32440287289
4,16,PS.UNASSOC.4,90,1598.00518367155
4,16,PS.UNASSOC.4,92,1639.61905021628
4,16,PS.UNASSOC.4,94,1720.41276383241
4,16,PS.UNASSOC.4,96,1983.56868745217
4,16,PS.UNASSOC.4,98,2245.25058949014
4,16,PS.UNASSOC.4,100,2837.07824093153
4,16,PS.UNASSOC.4,102,2885.36674156055
4,16,PS.UNASSOC.4,104,2986.11264864996
4,16,PS.UNASSOC.4,106,3158.46507566667
4,16,PS.UNASSOC.4,108,3381.24206802126
4,16,PS.UNASSOC.4,110,3697.18253196746
4,16,PS.UNASSOC.4,112,3735.29159931405
4,16,PS.UNASSOC.4,114,3839.9714406442
4,16,PS.UNASSOC.4,116,4010.66263865482
4,16,PS.UNASSOC.4,118,4308.07296413101
4,16,PS.UNASSOC.4,120,4977.7608061401
4,16,PS.UNASSOC.4,122,3672.65164654332
4,16,PS.UNASSOC.4,124,4153.08641451811
4,16,PS.UNASSOC.4,126,3832.33937701478
4,16,PS.UNASSOC.4,128,3539.98921729932
4,16,PS.UNASSOC.4,130,3710.71078905178
4,16,PS.UNASSOC.4,132,2760.39648592208
4,16,PS.UNASSOC.4,134,2407.34315859562
4,16,PS.UNASSOC.4,136,1944.44795037682
4,16,PS.UNASSOC.4,138,1424.81496745398
4,16,PS.UNASSOC.4,140,1275.14526889239
4,16,PS.UNASSOC.4,142,734.685163511079
4,16,PS.UNASSOC.4,144,432.961920942221
4,16,PS.UNASSOC.4,146,319.181840214005
4,16,PS.UNASSOC.4,148,228.625117078322
4,16,PS.UNASSOC.4,150,179.116039763428
4,16,PS.UNASSOC.4,152,51.1374489846411
4,16,PS.UNASSOC.4,154,32.1398474336273
4,16,PS.UNASSOC.4,156,14.7459846627146
4,16,PS.UNASSOC.4,158,16.468936219446
4,16,PS.UNASSOC.4,160,16.0715271249528
4,16,PS.UNASSOC.4,162,6.89956606697095
4,16,PS.UNASSOC.4,164,6.86097389829329
4,16,PS.UNASSOC.4,166,2.35432980690227
4,16,PS.UNASSOC.4,168,4.23322870073303
4,16,PS.UNASSOC.4,170,3.27306121146399
4,16,PS.UNASSOC.4,172,1.03504597004058
4,16,PS.UNASSOC.4,174,1.59657677875005
4,16,PS.UNASSOC.4,176,0.651228575522186
4,16,PS.UNASSOC.4,178,0.261217646304626
4,16,PS.UNASSOC.4,180,2.55187895962403
4,16,PS.UNASSOC.4,182,0.486939830057804
4,16,PS.UNASSOC.4,184,0.801094091476452
4,16,PS.UNASSOC.4,186,0.598597867842247
4,16,PS.UNASSOC.4,188,0.318412079145858
4,16,PS.UNASSOC.4,190,0.122925199145487
4,16,PS.UNASSOC.4,192,0.153460422594096
4,16,PS.UNASSOC.4,194,0.29008601025382
4,16,PS.UNASSOC.4,196,0.0456211506526048
4,16,PS.UNASSOC.4,198,0.0240605938648132
7,23,Dom.ID.7,10,0
7,23,Dom.ID.7,12,0
7,23,Dom.ID.7,14,0
7,23,Dom.ID.7,16,1
7,23,Dom.ID.7,18,3
7,23,Dom.ID.7,20,39
7,23,Dom.ID.7,22,55
7,23,Dom.ID.7,24,178
7,23,Dom.ID.7,26,424
7,23,Dom.ID.7,28,965
7,23,Dom.ID.7,30,2931
7,23,Dom.ID.7,32,2567
7,23,Dom.ID.7,34,2909
7,23,Dom.ID.7,36,3802
7,23,Dom.ID.7,38,3366
7,23,Dom.ID.7,40,3151
7,23,Dom.ID.7,42,2527
7,23,Dom.ID.7,44,2292
7,23,Dom.ID.7,46,2626
7,23,Dom.ID.7,48,2815
7,23,Dom.ID.7,50,2371
7,23,Dom.ID.7,52,1323
7,23,Dom.ID.7,54,1271
7,23,Dom.ID.7,56,888
7,23,Dom.ID.7,58,711
7,23,Dom.ID.7,60,554
7,23,Dom.ID.7,62,230
7,23,Dom.ID.7,64,112
7,23,Dom.ID.7,66,61
7,23,Dom.ID.7,68,44
7,23,Dom.ID.7,70,21
7,23,Dom.ID.7,72,8
7,23,Dom.ID.7,74,15
7,23,Dom.ID.7,76,16
7,23,Dom.ID.7,78,2
7,23,Dom.ID.7,80,21
7,23,Dom.ID.7,82,2
7,23,Dom.ID.7,84,1
7,23,Dom.ID.7,86,3
7,23,Dom.ID.7,88,3
7,23,Dom.ID.7,90,0
7,23,Dom.ID.7,92,0
7,23,Dom.ID.7,94,0
7,23,Dom.ID.7,96,0
7,23,Dom.ID.7,98,0
7,23,Dom.ID.7,100,0
7,23,Dom.ID.7,102,0
7,23,Dom.ID.7,104,0
7,23,Dom.ID.7,106,0
7,23,Dom.ID.7,108,0
7,23,Dom.ID.7,110,0
7,23,Dom.ID.7,112,0
7,23,Dom.ID.7,114,0
7,23,Dom.ID.7,116,0
7,23,Dom.ID.7,118,0
7,23,Dom.ID.7,120,0
7,23,Dom.ID.7,122,0
7,23,Dom.ID.7,124,0
7,23,Dom.ID.7,126,0
7,23,Dom.ID.7,128,0
7,23,Dom.ID.7,130,0
7,23,Dom.ID.7,132,0
7,23,Dom.ID.7,134,0
7,23,Dom.ID.7,136,0
7,23,Dom.ID.7,138,0
7,23,Dom.ID.7,140,0
7,23,Dom.ID.7,142,0
7,23,Dom.ID.7,144,0
7,23,Dom.ID.7,146,0
7,23,Dom.ID.7,148,0
7,23,Dom.ID.7,150,0
7,23,Dom.ID.7,152,0
7,23,Dom.ID.7,154,0
7,23,Dom.ID.7,156,0
7,23,Dom.ID.7,158,0
7,23,Dom.ID.7,160,0
7,23,Dom.ID.7,162,0
7,23,Dom.ID.7,164,0
7,23,Dom.ID.7,166,0
7,23,Dom.ID.7,168,0
7,23,Dom.ID.7,170,0
7,23,Dom.ID.7,172,0
7,23,Dom.ID.7,174,0
7,23,Dom.ID.7,176,0
7,23,Dom.ID.7,178,0
7,23,Dom.ID.7,180,0
7,23,Dom.ID.7,182,0
7,23,Dom.ID.7,184,0
7,23,Dom.ID.7,186,0
7,23,Dom.ID.7,188,0
7,23,Dom.ID.7,190,0
7,23,Dom.ID.7,192,0
7,23,Dom.ID.7,194,0
7,23,Dom.ID.7,196,0
7,23,Dom.ID.7,198,0
7,17,Dom.PH.7,10,0
7,17,Dom.PH.7,12,0
7,17,Dom.PH.7,14,1144
7,17,Dom.PH.7,16,5373
7,17,Dom.PH.7,18,14314
7,17,Dom.PH.7,20,32074
7,17,Dom.PH.7,22,41628
7,17,Dom.PH.7,24,51208
7,17,Dom.PH.7,26,44818
7,17,Dom.PH.7,28,38527
7,17,Dom.PH.7,30,38235
7,17,Dom.PH.7,32,30945
7,17,Dom.PH.7,34,32014
7,17,Dom.PH.7,36,27442
7,17,Dom.PH.7,38,29579
7,17,Dom.PH.7,40,36044
7,17,Dom.PH.7,42,31734
7,17,Dom.PH.7,44,30135
7,17,Dom.PH.7,46,19107
7,17,Dom.PH.7,48,11896
7,17,Dom.PH.7,50,6774
7,17,Dom.PH.7,52,4738
7,17,Dom.PH.7,54,4088
7,17,Dom.PH.7,56,3313
7,17,Dom.PH.7,58,3536
7,17,Dom.PH.7,60,2822
7,17,Dom.PH.7,62,1983
7,17,Dom.PH.7,64,2096
7,17,Dom.PH.7,66,890
7,17,Dom.PH.7,68,902
7,17,Dom.PH.7,70,794
7,17,Dom.PH.7,72,643
7,17,Dom.PH.7,74,795
7,17,Dom.PH.7,76,448
7,17,Dom.PH.7,78,533
7,17,Dom.PH.7,80,594
7,17,Dom.PH.7,82,598
7,17,Dom.PH.7,84,495
7,17,Dom.PH.7,86,417
7,17,Dom.PH.7,88,477
7,17,Dom.PH.7,90,0
7,17,Dom.PH.7,92,0
7,17,Dom.PH.7,94,0
7,17,Dom.PH.7,96,0
7,17,Dom.PH.7,98,0
7,17,Dom.PH.7,100,0
7,17,Dom.PH.7,102,0
7,17,Dom.PH.7,104,0
7,17,Dom.PH.7,106,0
7,17,Dom.PH.7,108,0
7,17,Dom.PH.7,110,0
7,17,Dom.PH.7,112,0
7,17,Dom.PH.7,114,0
7,17,Dom.PH.7,116,0
7,17,Dom.PH.7,118,0
7,17,Dom.PH.7,120,0
7,17,Dom.PH.7,122,0
7,17,Dom.PH.7,124,0
7,17,Dom.PH.7,126,0
7,17,Dom.PH.7,128,0
7,17,Dom.PH.7,130,0
7,17,Dom.PH.7,132,0
7,17,Dom.PH.7,134,0
7,17,Dom.PH.7,136,0
7,17,Dom.PH.7,138,0
7,17,Dom.PH.7,140,0
7,17,Dom.PH.7,142,0
7,17,Dom.PH.7,144,0
7,17,Dom.PH.7,146,0
7,17,Dom.PH.7,148,0
7,17,Dom.PH.7,150,0
7,17,Dom.PH.7,152,0
7,17,Dom.PH.7,154,0
7,17,Dom.PH.7,156,0
7,17,Dom.PH.7,158,0
7,17,Dom.PH.7,160,0
7,17,Dom.PH.7,162,0
7,17,Dom.PH.7,164,0
7,17,Dom.PH.7,166,0
7,17,Dom.PH.7,168,0
7,17,Dom.PH.7,170,0
7,17,Dom.PH.7,172,0
7,17,Dom.PH.7,174,0
7,17,Dom.PH.7,176,0
7,17,Dom.PH.7,178,0
7,17,Dom.PH.7,180,0
7,17,Dom.PH.7,182,0
7,17,Dom.PH.7,184,0
7,17,Dom.PH.7,186,0
7,17,Dom.PH.7,188,0
7,17,Dom.PH.7,190,0
7,17,Dom.PH.7,192,0
7,17,Dom.PH.7,194,0
7,17,Dom.PH.7,196,0
7,17,Dom.PH.7,198,0
7,32,Dom.VN.7,10,0
7,32,Dom.VN.7,12,0
7,32,Dom.VN.7,14,0
7,32,Dom.VN.7,16,2
7,32,Dom.VN.7,18,2
7,32,Dom.VN.7,20,117
7,32,Dom.VN.7,22,241
7,32,Dom.VN.7,24,457
7,32,Dom.VN.7,26,628
7,32,Dom.VN.7,28,664
7,32,Dom.VN.7,30,1177
7,32,Dom.VN.7,32,1575
7,32,Dom.VN.7,34,2755
7,32,Dom.VN.7,36,3701
7,32,Dom.VN.7,38,4091
7,32,Dom.VN.7,40,4630
7,32,Dom.VN.7,42,4432
7,32,Dom.VN.7,44,3709
7,32,Dom.VN.7,46,3178
7,32,Dom.VN.7,48,2851
7,32,Dom.VN.7,50,2401
7,32,Dom.VN.7,52,1838
7,32,Dom.VN.7,54,1985
7,32,Dom.VN.7,56,1592
7,32,Dom.VN.7,58,1233
7,32,Dom.VN.7,60,994
7,32,Dom.VN.7,62,478
7,32,Dom.VN.7,64,539
7,32,Dom.VN.7,66,476
7,32,Dom.VN.7,68,512
7,32,Dom.VN.7,70,488
7,32,Dom.VN.7,72,326
7,32,Dom.VN.7,74,264
7,32,Dom.VN.7,76,311
7,32,Dom.VN.7,78,302
7,32,Dom.VN.7,80,356
7,32,Dom.VN.7,82,233
7,32,Dom.VN.7,84,179
7,32,Dom.VN.7,86,326
7,32,Dom.VN.7,88,155
7,32,Dom.VN.7,90,0
7,32,Dom.VN.7,92,0
7,32,Dom.VN.7,94,0
7,32,Dom.VN.7,96,0
7,32,Dom.VN.7,98,0
7,32,Dom.VN.7,100,0
7,32,Dom.VN.7,102,0
7,32,Dom.VN.7,104,0
7,32,Dom.VN.7,106,0
7,32,Dom.VN.7,108,0
7,32,Dom.VN.7,110,0
7,32,Dom.VN.7,112,0
7,32,Dom.VN.7,114,0
7,32,Dom.VN.7,116,0
7,32,Dom.VN.7,118,0
7,32,Dom.VN.7,120,0
7,32,Dom.VN.7,122,0
7,32,Dom.VN.7,124,0
7,32,Dom.VN.7,126,0
7,32,Dom.VN.7,128,0
7,32,Dom.VN.7,130,0
7,32,Dom.VN.7,132,0
7,32,Dom.VN.7,134,0
7,32,Dom.VN.7,136,0
7,32,Dom.VN.7,138,0
7,32,Dom.VN.7,140,0
7,32,Dom.VN.7,142,0
7,32,Dom.VN.7,144,0
7,32,Dom.VN.7,146,0
7,32,Dom.VN.7,148,0
7,32,Dom.VN.7,150,0
7,32,Dom.VN.7,152,0
7,32,Dom.VN.7,154,0
7,32,Dom.VN.7,156,0
7,32,Dom.VN.7,158,0
7,32,Dom.VN.7,160,0
7,32,Dom.VN.7,162,0
7,32,Dom.VN.7,164,0
7,32,Dom.VN.7,166,0
7,32,Dom.VN.7,168,0
7,32,Dom.VN.7,170,0
7,32,Dom.VN.7,172,0
7,32,Dom.VN.7,174,0
7,32,Dom.VN.7,176,0
7,32,Dom.VN.7,178,0
7,32,Dom.VN.7,180,0
7,32,Dom.VN.7,182,0
7,32,Dom.VN.7,184,0
7,32,Dom.VN.7,186,0
7,32,Dom.VN.7,188,0
7,32,Dom.VN.7,190,0
7,32,Dom.VN.7,192,0
7,32,Dom.VN.7,194,0
7,32,Dom.VN.7,196,0
7,32,Dom.VN.7,198,0
7,18,HL.IDPH.7,10,0
7,18,HL.IDPH.7,12,0
7,18,HL.IDPH.7,14,0
7,18,HL.IDPH.7,16,0
7,18,HL.IDPH.7,18,0
7,18,HL.IDPH.7,20,0
7,18,HL.IDPH.7,22,0
7,18,HL.IDPH.7,24,0
7,18,HL.IDPH.7,26,0
7,18,HL.IDPH.7,28,0
7,18,HL.IDPH.7,30,0
7,18,HL.IDPH.7,32,0
7,18,HL.IDPH.7,34,0
7,18,HL.IDPH.7,36,0
7,18,HL.IDPH.7,38,0
7,18,HL.IDPH.7,40,0
7,18,HL.IDPH.7,42,0
7,18,HL.IDPH.7,44,0
7,18,HL.IDPH.7,46,0
7,18,HL.IDPH.7,48,0
7,18,HL.IDPH.7,50,0
7,18,HL.IDPH.7,52,0
7,18,HL.IDPH.7,54,0
7,18,HL.IDPH.7,56,0
7,18,HL.IDPH.7,58,0
7,18,HL.IDPH.7,60,0
7,18,HL.IDPH.7,62,0
7,18,HL.IDPH.7,64,0
7,18,HL.IDPH.7,66,0
7,18,HL.IDPH.7,68,0
7,18,HL.IDPH.7,70,591
7,18,HL.IDPH.7,72,895
7,18,HL.IDPH.7,74,1068
7,18,HL.IDPH.7,76,1366
7,18,HL.IDPH.7,78,2063
7,18,HL.IDPH.7,80,2555
7,18,HL.IDPH.7,82,1939
7,18,HL.IDPH.7,84,2827
7,18,HL.IDPH.7,86,3405
7,18,HL.IDPH.7,88,4984
7,18,HL.IDPH.7,90,6154
7,18,HL.IDPH.7,92,5888
7,18,HL.IDPH.7,94,10757
7,18,HL.IDPH.7,96,10635
7,18,HL.IDPH.7,98,13994
7,18,HL.IDPH.7,100,10068
7,18,HL.IDPH.7,102,11317
7,18,HL.IDPH.7,104,10180
7,18,HL.IDPH.7,106,8918
7,18,HL.IDPH.7,108,11551
7,18,HL.IDPH.7,110,11682
7,18,HL.IDPH.7,112,16976
7,18,HL.IDPH.7,114,17045
7,18,HL.IDPH.7,116,19619
7,18,HL.IDPH.7,118,22585
7,18,HL.IDPH.7,120,17555
7,18,HL.IDPH.7,122,26467
7,18,HL.IDPH.7,124,28911
7,18,HL.IDPH.7,126,26206
7,18,HL.IDPH.7,128,25701
7,18,HL.IDPH.7,130,24929
7,18,HL.IDPH.7,132,24890
7,18,HL.IDPH.7,134,29354
7,18,HL.IDPH.7,136,23099
7,18,HL.IDPH.7,138,21920
7,18,HL.IDPH.7,140,22762
7,18,HL.IDPH.7,142,14730
7,18,HL.IDPH.7,144,13030
7,18,HL.IDPH.7,146,10780
7,18,HL.IDPH.7,148,8838
7,18,HL.IDPH.7,150,7395
7,18,HL.IDPH.7,152,5028
7,18,HL.IDPH.7,154,4805
7,18,HL.IDPH.7,156,3222
7,18,HL.IDPH.7,158,2309
7,18,HL.IDPH.7,160,2231
7,18,HL.IDPH.7,162,1207
7,18,HL.IDPH.7,164,931
7,18,HL.IDPH.7,166,693
7,18,HL.IDPH.7,168,513
7,18,HL.IDPH.7,170,401
7,18,HL.IDPH.7,172,181
7,18,HL.IDPH.7,174,209
7,18,HL.IDPH.7,176,124
7,18,HL.IDPH.7,178,102
7,18,HL.IDPH.7,180,69
7,18,HL.IDPH.7,182,35
7,18,HL.IDPH.7,184,21
7,18,HL.IDPH.7,186,10
7,18,HL.IDPH.7,188,21
7,18,HL.IDPH.7,190,15
7,18,HL.IDPH.7,192,17
7,18,HL.IDPH.7,194,15
7,18,HL.IDPH.7,196,6
7,18,HL.IDPH.7,198,16
7,28,PL.ALL.7,10,0
7,28,PL.ALL.7,12,0
7,28,PL.ALL.7,14,9
7,28,PL.ALL.7,16,27
7,28,PL.ALL.7,18,19
7,28,PL.ALL.7,20,34
7,28,PL.ALL.7,22,39
7,28,PL.ALL.7,24,99
7,28,PL.ALL.7,26,137
7,28,PL.ALL.7,28,314
7,28,PL.ALL.7,30,503
7,28,PL.ALL.7,32,569
7,28,PL.ALL.7,34,775
7,28,PL.ALL.7,36,1078
7,28,PL.ALL.7,38,1418
7,28,PL.ALL.7,40,1879
7,28,PL.ALL.7,42,1943
7,28,PL.ALL.7,44,1634
7,28,PL.ALL.7,46,1556
7,28,PL.ALL.7,48,1516
7,28,PL.ALL.7,50,1647
7,28,PL.ALL.7,52,1027
7,28,PL.ALL.7,54,699
7,28,PL.ALL.7,56,607
7,28,PL.ALL.7,58,385
7,28,PL.ALL.7,60,300
7,28,PL.ALL.7,62,117
7,28,PL.ALL.7,64,67
7,28,PL.ALL.7,66,45
7,28,PL.ALL.7,68,40
7,28,PL.ALL.7,70,19
7,28,PL.ALL.7,72,19
7,28,PL.ALL.7,74,11
7,28,PL.ALL.7,76,22
7,28,PL.ALL.7,78,5
7,28,PL.ALL.7,80,6
7,28,PL.ALL.7,82,1
7,28,PL.ALL.7,84,1
7,28,PL.ALL.7,86,1
7,28,PL.ALL.7,88,1
7,28,PL.ALL.7,90,0
7,28,PL.ALL.7,92,0
7,28,PL.ALL.7,94,0
7,28,PL.ALL.7,96,0
7,28,PL.ALL.7,98,0
7,28,PL.ALL.7,100,0
7,28,PL.ALL.7,102,0
7,28,PL.ALL.7,104,0
7,28,PL.ALL.7,106,0
7,28,PL.ALL.7,108,0
7,28,PL.ALL.7,110,0
7,28,PL.ALL.7,112,0
7,28,PL.ALL.7,114,0
7,28,PL.ALL.7,116,0
7,28,PL.ALL.7,118,0
7,28,PL.ALL.7,120,0
7,28,PL.ALL.7,122,0
7,28,PL.ALL.7,124,0
7,28,PL.ALL.7,126,0
7,28,PL.ALL.7,128,0
7,28,PL.ALL.7,130,0
7,28,PL.ALL.7,132,0
7,28,PL.ALL.7,134,0
7,28,PL.ALL.7,136,0
7,28,PL.ALL.7,138,0
7,28,PL.ALL.7,140,0
7,28,PL.ALL.7,142,0
7,28,PL.ALL.7,144,0
7,28,PL.ALL.7,146,0
7,28,PL.ALL.7,148,0
7,28,PL.ALL.7,150,0
7,28,PL.ALL.7,152,0
7,28,PL.ALL.7,154,0
7,28,PL.ALL.7,156,0
7,28,PL.ALL.7,158,0
7,28,PL.ALL.7,160,0
7,28,PL.ALL.7,162,0
7,28,PL.ALL.7,164,0
7,28,PL.ALL.7,166,0
7,28,PL.ALL.7,168,0
7,28,PL.ALL.7,170,0
7,28,PL.ALL.7,172,0
7,28,PL.ALL.7,174,0
7,28,PL.ALL.7,176,0
7,28,PL.ALL.7,178,0
7,28,PL.ALL.7,180,0
7,28,PL.ALL.7,182,0
7,28,PL.ALL.7,184,0
7,28,PL.ALL.7,186,0
7,28,PL.ALL.7,188,0
7,28,PL.ALL.7,190,0
7,28,PL.ALL.7,192,0
7,28,PL.ALL.7,194,0
7,28,PL.ALL.7,196,0
7,28,PL.ALL.7,198,0
7,30,PS.ASSOC.7,10,0
7,30,PS.ASSOC.7,12,0
7,30,PS.ASSOC.7,14,0
7,30,PS.ASSOC.7,16,0
7,30,PS.ASSOC.7,18,0
7,30,PS.ASSOC.7,20,0
7,30,PS.ASSOC.7,22,0
7,30,PS.ASSOC.7,24,0
7,30,PS.ASSOC.7,26,1.04816991954415
7,30,PS.ASSOC.7,28,2.93258564135966
7,30,PS.ASSOC.7,30,19.369276173141
7,30,PS.ASSOC.7,32,41.867215870531
7,30,PS.ASSOC.7,34,48.4232088887514
7,30,PS.ASSOC.7,36,46.4245535953719
7,30,PS.ASSOC.7,38,93.093032762136
7,30,PS.ASSOC.7,40,110.209636483496
7,30,PS.ASSOC.7,42,90.063884578383
7,30,PS.ASSOC.7,44,88.9153474831696
7,30,PS.ASSOC.7,46,99.3785354641907
7,30,PS.ASSOC.7,48,130.916897984269
7,30,PS.ASSOC.7,50,283.235573878508
7,30,PS.ASSOC.7,52,347.497988504556
7,30,PS.ASSOC.7,54,201.773337257232
7,30,PS.ASSOC.7,56,117.992875940984
7,30,PS.ASSOC.7,58,117.4064705679
7,30,PS.ASSOC.7,60,114.669235692381
7,30,PS.ASSOC.7,62,55.2088452787699
7,30,PS.ASSOC.7,64,48.6616178936412
7,30,PS.ASSOC.7,66,29.9898546822107
7,30,PS.ASSOC.7,68,30.8770818507365
7,30,PS.ASSOC.7,70,46.9747799240501
7,30,PS.ASSOC.7,72,40.2563024759429
7,30,PS.ASSOC.7,74,37.1021088202198
7,30,PS.ASSOC.7,76,36.4818467114593
7,30,PS.ASSOC.7,78,51.169797925716
7,30,PS.ASSOC.7,80,62.8518348816158
7,30,PS.ASSOC.7,82,28.5512636739847
7,30,PS.ASSOC.7,84,25.7173526097956
7,30,PS.ASSOC.7,86,35.4876874496085
7,30,PS.ASSOC.7,88,39.5265551211516
7,30,PS.ASSOC.7,90,73.5853069526192
7,30,PS.ASSOC.7,92,69.6818815050307
7,30,PS.ASSOC.7,94,70.446037758491
7,30,PS.ASSOC.7,96,64.9030428914859
7,30,PS.ASSOC.7,98,58.1642818955095
7,30,PS.ASSOC.7,100,57.8605210874002
7,30,PS.ASSOC.7,102,17.1891395684132
7,30,PS.ASSOC.7,104,25.263696724564
7,30,PS.ASSOC.7,106,16.6807003110977
7,30,PS.ASSOC.7,108,22.4272676298099
7,30,PS.ASSOC.7,110,28.6057125789465
7,30,PS.ASSOC.7,112,11.6295609662297
7,30,PS.ASSOC.7,114,18.3497034789347
7,30,PS.ASSOC.7,116,12.0547771213868
7,30,PS.ASSOC.7,118,13.7278756997949
7,30,PS.ASSOC.7,120,13.5422041929621
7,30,PS.ASSOC.7,122,11.4015465384288
7,30,PS.ASSOC.7,124,22.3531639971935
7,30,PS.ASSOC.7,126,16.3628204095149
7,30,PS.ASSOC.7,128,11.1517568945315
7,30,PS.ASSOC.7,130,5.72210698009826
7,30,PS.ASSOC.7,132,7.37946468784239
7,30,PS.ASSOC.7,134,4.46520784318477
7,30,PS.ASSOC.7,136,4.40353959177841
7,30,PS.ASSOC.7,138,0.123336502812725
7,30,PS.ASSOC.7,140,0.0616682514063626
7,30,PS.ASSOC.7,142,0
7,30,PS.ASSOC.7,144,0
7,30,PS.ASSOC.7,146,0
7,30,PS.ASSOC.7,148,0
7,30,PS.ASSOC.7,150,0
7,30,PS.ASSOC.7,152,0
7,30,PS.ASSOC.7,154,0
7,30,PS.ASSOC.7,156,0
7,30,PS.ASSOC.7,158,0
7,30,PS.ASSOC.7,160,0
7,30,PS.ASSOC.7,162,0
7,30,PS.ASSOC.7,164,0
7,30,PS.ASSOC.7,166,0
7,30,PS.ASSOC.7,168,0
7,30,PS.ASSOC.7,170,0
7,30,PS.ASSOC.7,172,0
7,30,PS.ASSOC.7,174,0
7,30,PS.ASSOC.7,176,0
7,30,PS.ASSOC.7,178,0
7,30,PS.ASSOC.7,180,0
7,30,PS.ASSOC.7,182,0
7,30,PS.ASSOC.7,184,0
7,30,PS.ASSOC.7,186,0
7,30,PS.ASSOC.7,188,0
7,30,PS.ASSOC.7,190,0
7,30,PS.ASSOC.7,192,0
7,30,PS.ASSOC.7,194,0
7,30,PS.ASSOC.7,196,0
7,30,PS.ASSOC.7,198,0
7,24,PS.IDPH.7,10,0
7,24,PS.IDPH.7,12,0
7,24,PS.IDPH.7,14,123
7,24,PS.IDPH.7,16,535
7,24,PS.IDPH.7,18,1991
7,24,PS.IDPH.7,20,7254
7,24,PS.IDPH.7,22,14443
7,24,PS.IDPH.7,24,23670
7,24,PS.IDPH.7,26,26001
7,24,PS.IDPH.7,28,28252
7,24,PS.IDPH.7,30,31206
7,24,PS.IDPH.7,32,26899
7,24,PS.IDPH.7,34,28091
7,24,PS.IDPH.7,36,26614
7,24,PS.IDPH.7,38,29574
7,24,PS.IDPH.7,40,42942
7,24,PS.IDPH.7,42,42145
7,24,PS.IDPH.7,44,39362
7,24,PS.IDPH.7,46,32876
7,24,PS.IDPH.7,48,27767
7,24,PS.IDPH.7,50,22257
7,24,PS.IDPH.7,52,15271
7,24,PS.IDPH.7,54,12019
7,24,PS.IDPH.7,56,8616
7,24,PS.IDPH.7,58,6417
7,24,PS.IDPH.7,60,5136
7,24,PS.IDPH.7,62,3428
7,24,PS.IDPH.7,64,2770
7,24,PS.IDPH.7,66,2008
7,24,PS.IDPH.7,68,1473
7,24,PS.IDPH.7,70,1158
7,24,PS.IDPH.7,72,837
7,24,PS.IDPH.7,74,741
7,24,PS.IDPH.7,76,665
7,24,PS.IDPH.7,78,589
7,24,PS.IDPH.7,80,564
7,24,PS.IDPH.7,82,358
7,24,PS.IDPH.7,84,395
7,24,PS.IDPH.7,86,328
7,24,PS.IDPH.7,88,247
7,24,PS.IDPH.7,90,372
7,24,PS.IDPH.7,92,361
7,24,PS.IDPH.7,94,410
7,24,PS.IDPH.7,96,366
7,24,PS.IDPH.7,98,292
7,24,PS.IDPH.7,100,141
7,24,PS.IDPH.7,102,94
7,24,PS.IDPH.7,104,68
7,24,PS.IDPH.7,106,40
7,24,PS.IDPH.7,108,50
7,24,PS.IDPH.7,110,67
7,24,PS.IDPH.7,112,32
7,24,PS.IDPH.7,114,40
7,24,PS.IDPH.7,116,27
7,24,PS.IDPH.7,118,40
7,24,PS.IDPH.7,120,48
7,24,PS.IDPH.7,122,15
7,24,PS.IDPH.7,124,25
7,24,PS.IDPH.7,126,12
7,24,PS.IDPH.7,128,6
7,24,PS.IDPH.7,130,29
7,24,PS.IDPH.7,132,4
7,24,PS.IDPH.7,134,6
7,24,PS.IDPH.7,136,2
7,24,PS.IDPH.7,138,0
7,24,PS.IDPH.7,140,2
7,24,PS.IDPH.7,142,1
7,24,PS.IDPH.7,144,3
7,24,PS.IDPH.7,146,4
7,24,PS.IDPH.7,148,0
7,24,PS.IDPH.7,150,3
7,24,PS.IDPH.7,152,2
7,24,PS.IDPH.7,154,1
7,24,PS.IDPH.7,156,0
7,24,PS.IDPH.7,158,0
7,24,PS.IDPH.7,160,1
7,24,PS.IDPH.7,162,0
7,24,PS.IDPH.7,164,0
7,24,PS.IDPH.7,166,0
7,24,PS.IDPH.7,168,0
7,24,PS.IDPH.7,170,0
7,24,PS.IDPH.7,172,0
7,24,PS.IDPH.7,174,0
7,24,PS.IDPH.7,176,0
7,24,PS.IDPH.7,178,0
7,24,PS.IDPH.7,180,0
7,24,PS.IDPH.7,182,0
7,24,PS.IDPH.7,184,0
7,24,PS.IDPH.7,186,0
7,24,PS.IDPH.7,188,0
7,24,PS.IDPH.7,190,0
7,24,PS.IDPH.7,192,0
7,24,PS.IDPH.7,194,0
7,24,PS.IDPH.7,196,0
7,24,PS.IDPH.7,198,0
7,31,PS.UNASSOC.7,10,0
7,31,PS.UNASSOC.7,12,0
7,31,PS.UNASSOC.7,14,0
7,31,PS.UNASSOC.7,16,0.204736015246979
7,31,PS.UNASSOC.7,18,0
7,31,PS.UNASSOC.7,20,0
7,31,PS.UNASSOC.7,22,0
7,31,PS.UNASSOC.7,24,0
7,31,PS.UNASSOC.7,26,0
7,31,PS.UNASSOC.7,28,0
7,31,PS.UNASSOC.7,30,0
7,31,PS.UNASSOC.7,32,20.4104092494694
7,31,PS.UNASSOC.7,34,14.5911016854599
7,31,PS.UNASSOC.7,36,9.66484645427832
7,31,PS.UNASSOC.7,38,30.2805132070126
7,31,PS.UNASSOC.7,40,49.2825315618705
7,31,PS.UNASSOC.7,42,46.8519575080925
7,31,PS.UNASSOC.7,44,36.9897192022491
7,31,PS.UNASSOC.7,46,42.8940179146258
7,31,PS.UNASSOC.7,48,57.0630731315427
7,31,PS.UNASSOC.7,50,51.7358647637507
7,31,PS.UNASSOC.7,52,71.2877330629372
7,31,PS.UNASSOC.7,54,56.5898116791216
7,31,PS.UNASSOC.7,56,73.2132677374343
7,31,PS.UNASSOC.7,58,97.3331835124994
7,31,PS.UNASSOC.7,60,83.830976935351
7,31,PS.UNASSOC.7,62,98.4542787372344
7,31,PS.UNASSOC.7,64,121.47832914722
7,31,PS.UNASSOC.7,66,84.5039509469135
7,31,PS.UNASSOC.7,68,120.751441404885
7,31,PS.UNASSOC.7,70,105.526367300878
7,31,PS.UNASSOC.7,72,87.0756935127801
7,31,PS.UNASSOC.7,74,42.1071379556034
7,31,PS.UNASSOC.7,76,49.8127880111471
7,31,PS.UNASSOC.7,78,80.7508494373842
7,31,PS.UNASSOC.7,80,49.0390040694658
7,31,PS.UNASSOC.7,82,30.9105106428812
7,31,PS.UNASSOC.7,84,35.2926636052769
7,31,PS.UNASSOC.7,86,39.1660167433515
7,31,PS.UNASSOC.7,88,31.8942048091931
7,31,PS.UNASSOC.7,90,30.9262302199694
7,31,PS.UNASSOC.7,92,31.8880886532219
7,31,PS.UNASSOC.7,94,25.7108323638438
7,31,PS.UNASSOC.7,96,32.9897663122672
7,31,PS.UNASSOC.7,98,38.6361042460314
7,31,PS.UNASSOC.7,100,53.2206569687627
7,31,PS.UNASSOC.7,102,45.5049696911163
7,31,PS.UNASSOC.7,104,48.8505156927344
7,31,PS.UNASSOC.7,106,43.2500887173471
7,31,PS.UNASSOC.7,108,51.3345738968581
7,31,PS.UNASSOC.7,110,57.5048513142724
7,31,PS.UNASSOC.7,112,63.963289655373
7,31,PS.UNASSOC.7,114,53.0804372667251
7,31,PS.UNASSOC.7,116,56.7224286070279
7,31,PS.UNASSOC.7,118,47.7920505413442
7,31,PS.UNASSOC.7,120,58.516748519689
7,31,PS.UNASSOC.7,122,41.6660851029393
7,31,PS.UNASSOC.7,124,49.0252503597096
7,31,PS.UNASSOC.7,126,35.9984318121086
7,31,PS.UNASSOC.7,128,18.8909399311464
7,31,PS.UNASSOC.7,130,21.6970895851981
7,31,PS.UNASSOC.7,132,10.0128573212423
7,31,PS.UNASSOC.7,134,7.04392935223031
7,31,PS.UNASSOC.7,136,3.08395873554391
7,31,PS.UNASSOC.7,138,1.9024692568512
7,31,PS.UNASSOC.7,140,1.50914329760304
7,31,PS.UNASSOC.7,142,0.95946823065194
7,31,PS.UNASSOC.7,144,0.0528150128138668
7,31,PS.UNASSOC.7,146,0.160844176004155
7,31,PS.UNASSOC.7,148,0.208369907976599
7,31,PS.UNASSOC.7,150,0.32168835200831
7,31,PS.UNASSOC.7,152,0
7,31,PS.UNASSOC.7,154,0
7,31,PS.UNASSOC.7,156,0
7,31,PS.UNASSOC.7,158,0
7,31,PS.UNASSOC.7,160,0
7,31,PS.UNASSOC.7,162,0
7,31,PS.UNASSOC.7,164,0
7,31,PS.UNASSOC.7,166,0
7,31,PS.UNASSOC.7,168,0
7,31,PS.UNASSOC.7,170,0
7,31,PS.UNASSOC.7,172,0
7,31,PS.UNASSOC.7,174,0
7,31,PS.UNASSOC.7,176,0
7,31,PS.UNASSOC.7,178,0
7,31,PS.UNASSOC.7,180,0
7,31,PS.UNASSOC.7,182,0
7,31,PS.UNASSOC.7,184,0
7,31,PS.UNASSOC.7,186,0
7,31,PS.UNASSOC.7,188,0
7,31,PS.UNASSOC.7,190,0
7,31,PS.UNASSOC.7,192,0
7,31,PS.UNASSOC.7,194,0
7,31,PS.UNASSOC.7,196,0
7,31,PS.UNASSOC.7,198,0
8,22,PL.ALL.8,10,0
8,22,PL.ALL.8,12,0
8,22,PL.ALL.8,14,0
8,22,PL.ALL.8,16,0
8,22,PL.ALL.8,18,0
8,22,PL.ALL.8,20,4
8,22,PL.ALL.8,22,2
8,22,PL.ALL.8,24,7
8,22,PL.ALL.8,26,22
8,22,PL.ALL.8,28,126
8,22,PL.ALL.8,30,248
8,22,PL.ALL.8,32,408
8,22,PL.ALL.8,34,969
8,22,PL.ALL.8,36,1271
8,22,PL.ALL.8,38,1622
8,22,PL.ALL.8,40,2125
8,22,PL.ALL.8,42,2367
8,22,PL.ALL.8,44,2631
8,22,PL.ALL.8,46,3554
8,22,PL.ALL.8,48,5449
8,22,PL.ALL.8,50,5880
8,22,PL.ALL.8,52,5185
8,22,PL.ALL.8,54,4232
8,22,PL.ALL.8,56,3521
8,22,PL.ALL.8,58,3052
8,22,PL.ALL.8,60,2270
8,22,PL.ALL.8,62,1829
8,22,PL.ALL.8,64,1626
8,22,PL.ALL.8,66,1155
8,22,PL.ALL.8,68,1110
8,22,PL.ALL.8,70,910
8,22,PL.ALL.8,72,815
8,22,PL.ALL.8,74,653
8,22,PL.ALL.8,76,454
8,22,PL.ALL.8,78,457
8,22,PL.ALL.8,80,432
8,22,PL.ALL.8,82,353
8,22,PL.ALL.8,84,365
8,22,PL.ALL.8,86,354
8,22,PL.ALL.8,88,343
8,22,PL.ALL.8,90,239
8,22,PL.ALL.8,92,219
8,22,PL.ALL.8,94,162
8,22,PL.ALL.8,96,187
8,22,PL.ALL.8,98,202
8,22,PL.ALL.8,100,356
8,22,PL.ALL.8,102,249
8,22,PL.ALL.8,104,157
8,22,PL.ALL.8,106,161
8,22,PL.ALL.8,108,146
8,22,PL.ALL.8,110,140
8,22,PL.ALL.8,112,136
8,22,PL.ALL.8,114,111
8,22,PL.ALL.8,116,78
8,22,PL.ALL.8,118,53
8,22,PL.ALL.8,120,61
8,22,PL.ALL.8,122,20
8,22,PL.ALL.8,124,17
8,22,PL.ALL.8,126,9
8,22,PL.ALL.8,128,7
8,22,PL.ALL.8,130,15
8,22,PL.ALL.8,132,4
8,22,PL.ALL.8,134,2
8,22,PL.ALL.8,136,1
8,22,PL.ALL.8,138,3
8,22,PL.ALL.8,140,6
8,22,PL.ALL.8,142,2
8,22,PL.ALL.8,144,1
8,22,PL.ALL.8,146,1
8,22,PL.ALL.8,148,0
8,22,PL.ALL.8,150,0
8,22,PL.ALL.8,152,0
8,22,PL.ALL.8,154,0
8,22,PL.ALL.8,156,0
8,22,PL.ALL.8,158,0
8,22,PL.ALL.8,160,0
8,22,PL.ALL.8,162,0
8,22,PL.ALL.8,164,1
8,22,PL.ALL.8,166,0
8,22,PL.ALL.8,168,0
8,22,PL.ALL.8,170,0
8,22,PL.ALL.8,172,0
8,22,PL.ALL.8,174,0
8,22,PL.ALL.8,176,0
8,22,PL.ALL.8,178,0
8,22,PL.ALL.8,180,0
8,22,PL.ALL.8,182,0
8,22,PL.ALL.8,184,0
8,22,PL.ALL.8,186,0
8,22,PL.ALL.8,188,0
8,22,PL.ALL.8,190,0
8,22,PL.ALL.8,192,0
8,22,PL.ALL.8,194,0
8,22,PL.ALL.8,196,0
8,22,PL.ALL.8,198,0
8,25,PS.ASSOC.8,10,0
8,25,PS.ASSOC.8,12,0
8,25,PS.ASSOC.8,14,1.37683598196013
8,25,PS.ASSOC.8,16,28.1299144683492
8,25,PS.ASSOC.8,18,12.6903844824408
8,25,PS.ASSOC.8,20,47.4685350588241
8,25,PS.ASSOC.8,22,53.4221676062655
8,25,PS.ASSOC.8,24,178.645080087915
8,25,PS.ASSOC.8,26,534.216193057252
8,25,PS.ASSOC.8,28,1088.22511759133
8,25,PS.ASSOC.8,30,1909.04842483475
8,25,PS.ASSOC.8,32,2880.09620873455
8,25,PS.ASSOC.8,34,4171.63959032886
8,25,PS.ASSOC.8,36,6528.68290762662
8,25,PS.ASSOC.8,38,9627.09869243895
8,25,PS.ASSOC.8,40,10866.8180685802
8,25,PS.ASSOC.8,42,14150.4917282978
8,25,PS.ASSOC.8,44,18352.4127809294
8,25,PS.ASSOC.8,46,23540.7598261829
8,25,PS.ASSOC.8,48,31102.5575838021
8,25,PS.ASSOC.8,50,27591.9824091812
8,25,PS.ASSOC.8,52,26990.2412095661
8,25,PS.ASSOC.8,54,24339.066349828
8,25,PS.ASSOC.8,56,20779.954833598
8,25,PS.ASSOC.8,58,17576.7110616954
8,25,PS.ASSOC.8,60,12241.7339977325
8,25,PS.ASSOC.8,62,9699.23039975634
8,25,PS.ASSOC.8,64,8116.72275454385
8,25,PS.ASSOC.8,66,6280.56906094821
8,25,PS.ASSOC.8,68,6200.3021991127
8,25,PS.ASSOC.8,70,4173.45457878252
8,25,PS.ASSOC.8,72,3664.96377978994
8,25,PS.ASSOC.8,74,3249.44778386309
8,25,PS.ASSOC.8,76,2742.81285085183
8,25,PS.ASSOC.8,78,3073.49965522792
8,25,PS.ASSOC.8,80,2682.26662700883
8,25,PS.ASSOC.8,82,2466.38165858992
8,25,PS.ASSOC.8,84,2345.28065901181
8,25,PS.ASSOC.8,86,2404.72335218252
8,25,PS.ASSOC.8,88,2190.88884029677
8,25,PS.ASSOC.8,90,2288.3079625998
8,25,PS.ASSOC.8,92,2082.67827263235
8,25,PS.ASSOC.8,94,1687.61176554985
8,25,PS.ASSOC.8,96,1605.74832426653
8,25,PS.ASSOC.8,98,1500.94351179967
8,25,PS.ASSOC.8,100,1385.66325901434
8,25,PS.ASSOC.8,102,1176.40098365126
8,25,PS.ASSOC.8,104,955.289749829434
8,25,PS.ASSOC.8,106,806.394505136286
8,25,PS.ASSOC.8,108,780.299948492593
8,25,PS.ASSOC.8,110,684.849975229091
8,25,PS.ASSOC.8,112,614.212631855447
8,25,PS.ASSOC.8,114,480.802752780868
8,25,PS.ASSOC.8,116,372.357125037748
8,25,PS.ASSOC.8,118,310.078521611585
8,25,PS.ASSOC.8,120,367.678980578649
8,25,PS.ASSOC.8,122,191.01270549546
8,25,PS.ASSOC.8,124,198.458542984655
8,25,PS.ASSOC.8,126,138.934040787194
8,25,PS.ASSOC.8,128,131.79208487077
8,25,PS.ASSOC.8,130,134.974236573318
8,25,PS.ASSOC.8,132,84.3116322216486
8,25,PS.ASSOC.8,134,84.2073849955866
8,25,PS.ASSOC.8,136,59.2644213974318
8,25,PS.ASSOC.8,138,45.0929254092046
8,25,PS.ASSOC.8,140,56.2195230178328
8,25,PS.ASSOC.8,142,34.6409428094148
8,25,PS.ASSOC.8,144,18.41231295773
8,25,PS.ASSOC.8,146,18.0295439514996
8,25,PS.ASSOC.8,148,16.4401428365704
8,25,PS.ASSOC.8,150,18.0631792728617
8,25,PS.ASSOC.8,152,3.78513098561011
8,25,PS.ASSOC.8,154,1.27531017468192
8,25,PS.ASSOC.8,156,1.22604819812193
8,25,PS.ASSOC.8,158,4.44610664306957
8,25,PS.ASSOC.8,160,1.73800260177289
8,25,PS.ASSOC.8,162,0.532438668938385
8,25,PS.ASSOC.8,164,0.394118027910435
8,25,PS.ASSOC.8,166,0.475800263971662
8,25,PS.ASSOC.8,168,0.387740907551652
8,25,PS.ASSOC.8,170,0.635111198262409
8,25,PS.ASSOC.8,172,0
8,25,PS.ASSOC.8,174,0.342883663527551
8,25,PS.ASSOC.8,176,0
8,25,PS.ASSOC.8,178,0
8,25,PS.ASSOC.8,180,0.0163460949462624
8,25,PS.ASSOC.8,182,0.0315337109072852
8,25,PS.ASSOC.8,184,0
8,25,PS.ASSOC.8,186,0.11354593126592
8,25,PS.ASSOC.8,188,0.035993711619984
8,25,PS.ASSOC.8,190,0.0315337109072852
8,25,PS.ASSOC.8,192,0
8,25,PS.ASSOC.8,194,0.0957587580656507
8,25,PS.ASSOC.8,196,0.43235883752108
8,25,PS.ASSOC.8,198,0
8,26,PS.UNASSOC.8,10,0
8,26,PS.UNASSOC.8,12,0
8,26,PS.UNASSOC.8,14,6.60477933992722
8,26,PS.UNASSOC.8,16,17.8353588346589
8,26,PS.UNASSOC.8,18,10.3893095549868
8,26,PS.UNASSOC.8,20,12.1935124123772
8,26,PS.UNASSOC.8,22,2.89749840318668
8,26,PS.UNASSOC.8,24,14.0971312876116
8,26,PS.UNASSOC.8,26,38.7447151503291
8,26,PS.UNASSOC.8,28,61.890734054196
8,26,PS.UNASSOC.8,30,164.526010601918
8,26,PS.UNASSOC.8,32,426.835599175079
8,26,PS.UNASSOC.8,34,603.145850282956
8,26,PS.UNASSOC.8,36,1022.88709338214
8,26,PS.UNASSOC.8,38,1881.39434091091
8,26,PS.UNASSOC.8,40,2753.74183787418
8,26,PS.UNASSOC.8,42,3965.53615592658
8,26,PS.UNASSOC.8,44,5497.74262829985
8,26,PS.UNASSOC.8,46,8124.94514522809
8,26,PS.UNASSOC.8,48,13185.1881919958
8,26,PS.UNASSOC.8,50,14040.8318143095
8,26,PS.UNASSOC.8,52,15821.1018980986
8,26,PS.UNASSOC.8,54,16214.5955308291
8,26,PS.UNASSOC.8,56,16000.0658611572
8,26,PS.UNASSOC.8,58,15804.9097513863
8,26,PS.UNASSOC.8,60,12884.4280442497
8,26,PS.UNASSOC.8,62,12111.1220920521
8,26,PS.UNASSOC.8,64,11117.5472875621
8,26,PS.UNASSOC.8,66,9274.90749230674
8,26,PS.UNASSOC.8,68,9862.25439106877
8,26,PS.UNASSOC.8,70,6898.67285856092
8,26,PS.UNASSOC.8,72,6125.75947400573
8,26,PS.UNASSOC.8,74,5673.89529633835
8,26,PS.UNASSOC.8,76,4792.14784505659
8,26,PS.UNASSOC.8,78,5370.59362813817
8,26,PS.UNASSOC.8,80,4736.49747286628
8,26,PS.UNASSOC.8,82,4292.03448545904
8,26,PS.UNASSOC.8,84,4236.51753862558
8,26,PS.UNASSOC.8,86,4161.50811617478
8,26,PS.UNASSOC.8,88,3847.43407168571
8,26,PS.UNASSOC.8,90,3796.91117933861
8,26,PS.UNASSOC.8,92,3603.88204837613
8,26,PS.UNASSOC.8,94,3457.56564639656
8,26,PS.UNASSOC.8,96,3891.78660291688
8,26,PS.UNASSOC.8,98,3946.775345205
8,26,PS.UNASSOC.8,100,4000.2783269064
8,26,PS.UNASSOC.8,102,3647.2478315466
8,26,PS.UNASSOC.8,104,3362.9969421999
8,26,PS.UNASSOC.8,106,2928.29755082622
8,26,PS.UNASSOC.8,108,2838.90296791505
8,26,PS.UNASSOC.8,110,2733.18844984549
8,26,PS.UNASSOC.8,112,2570.40028573225
8,26,PS.UNASSOC.8,114,2153.36310827922
8,26,PS.UNASSOC.8,116,1914.26187775123
8,26,PS.UNASSOC.8,118,1895.76897389464
8,26,PS.UNASSOC.8,120,2236.97335129042
8,26,PS.UNASSOC.8,122,1389.83020244067
8,26,PS.UNASSOC.8,124,1442.29374115771
8,26,PS.UNASSOC.8,126,1100.1405158334
8,26,PS.UNASSOC.8,128,928.953520748355
8,26,PS.UNASSOC.8,130,982.919899967747
8,26,PS.UNASSOC.8,132,671.386195447595
8,26,PS.UNASSOC.8,134,520.919856709648
8,26,PS.UNASSOC.8,136,426.538012700798
8,26,PS.UNASSOC.8,138,295.046112349347
8,26,PS.UNASSOC.8,140,280.93796829605
8,26,PS.UNASSOC.8,142,148.333715736491
8,26,PS.UNASSOC.8,144,116.976097876546
8,26,PS.UNASSOC.8,146,56.076700770692
8,26,PS.UNASSOC.8,148,39.6723542565487
8,26,PS.UNASSOC.8,150,48.4600894535848
8,26,PS.UNASSOC.8,152,11.5378124191436
8,26,PS.UNASSOC.8,154,12.5864133526914
8,26,PS.UNASSOC.8,156,6.13523309802052
8,26,PS.UNASSOC.8,158,4.76590972000554
8,26,PS.UNASSOC.8,160,5.91749061517383
8,26,PS.UNASSOC.8,162,1.11135407435249
8,26,PS.UNASSOC.8,164,2.24579882435056
8,26,PS.UNASSOC.8,166,1.69256147560861
8,26,PS.UNASSOC.8,168,1.74487311627322
8,26,PS.UNASSOC.8,170,2.17007648056932
8,26,PS.UNASSOC.8,172,0.902084967243139
8,26,PS.UNASSOC.8,174,0.69085521035511
8,26,PS.UNASSOC.8,176,0.0759929897248613
8,26,PS.UNASSOC.8,178,0.190315664363664
8,26,PS.UNASSOC.8,180,3.07804931514281
8,26,PS.UNASSOC.8,182,0
8,26,PS.UNASSOC.8,184,1.25566076868562
8,26,PS.UNASSOC.8,186,0
8,26,PS.UNASSOC.8,188,0.0702529917471391
8,26,PS.UNASSOC.8,190,1.10259703286919
8,26,PS.UNASSOC.8,192,0.848165003826197
8,26,PS.UNASSOC.8,194,0.995539593150566
8,26,PS.UNASSOC.8,196,0
8,26,PS.UNASSOC.8,198,0.302364202061577
